username,followers,following,is_private,post_count,bio,last_post_date,posts_90d,last_post_days
coeweonyeong745,53,2709,False,1,,2025-06-21 01:45:21+00:00,0,200
kyounga0575,66,1994,False,6,,2025-12-07 11:59:49+00:00,5,30
misty01142,43,2559,False,42,,2026-01-02 08:17:04+00:00,5,4
dashmix11,15,314,False,98,,2025-12-28 11:27:16+00:00,5,9
hh_i82,202,2535,False,131,"오늘의 카페 기록, 📝",2025-12-29 10:38:59+00:00,5,8
1111kkkjk,761,7499,False,4969,,2026-01-01 12:59:08+00:00,4,5
boru_s2,3489,7553,False,8525,열두쨜이여라 보루멈뭉이,2026-01-03 00:43:43+00:00,3,4
jjjlovemato82,2597,5970,False,5492,😊,2026-01-06 07:48:50+00:00,5,0
2847ha,17,226,False,101,,2025-12-30 04:24:35+00:00,5,7
jyk712712,12,165,False,17,"소소한 행복 러블리스트 :)
오늘도 반짝이는 하루를 기록 중 ✨",2026-01-04 17:57:35+00:00,5,2
gingi.2,467,6938,False,137,"# 유유맘 # 아들 둘맘 #워킹맘소통
#육아맘 #아들바보 #맞팔환영 #맞팔선팔 #육아스타그램",2025-12-29 18:46:34+00:00,5,8
jameica_zebra,1110,2462,False,486,"@teamvitablossom 팀원
@ased_crew 크루장
@klaus_running Team Klaus
@pocoapoco_trailmate 1기 & 2기
10k  40:54    
Half 1:37:35   
Full 3:47:53",2026-01-04 07:29:21+00:00,2,2
rkgusqls,5077,4995,False,2304,"📣방구석 인플언서
엄마일상
아역배우&키즈모델
맘매니져",2026-01-06 03:28:08+00:00,5,0
290700_j,3976,7322,False,13391,"등산❤️ 백대명산 시작⛰️
BAC 18/100(2025.06)
러닝💛 10k 마라톤 🏃‍-56분🧡
다이어트💚
⠀⠀⠀⠀⠀⠀⠀⠀⠀
인생이 별건가요 똑같아요🎵
열받고 힘들면 꿀잠 자고 그러다 웃고🥰 이 또한 다 지나가리라😊
즐길 수 있을 거야 너는🌞
-소확행❤",2026-01-04 10:46:23+00:00,5,2
loveberry08,54,888,False,12,,2026-01-05 09:53:23+00:00,5,1
cooo_kiee,314,2631,False,128,,2025-12-10 08:53:54+00:00,3,27
haahahawon88,15104,6728,False,1095,"하하호호 찜콩🐬 🧸🌸💕🌿   초록빛 쉼표가 되어볼까?🍀ꢭ
 👨‍👩‍👧‍👦🍀🐳
♡✧。°₊·ˈ∗♡∗ˈ‧₊°。✧♡ 
⋆｡˚ ☁︎ ˚｡⋆｡˚𖤐 ˚｡⋆
🤴ᰔ👸
𝕃𝕠𝕧𝕖  𝕙𝕠𝕦𝕤𝕖",2025-09-27 15:51:22+00:00,0,101
meriel16552,241,578,False,2817,"윤기네💜아미
2025 제마FULL 03:59:02
2025 춘마FULL 03:59:39
런데이 2023.2.11(토)부터 달리는 아미&후추",2026-01-06 09:27:33+00:00,2,0
poesjin,494,521,False,721,"러닝bk   러닝SOC  초보러너  아들맘
42.195완주",2026-01-03 07:17:29+00:00,4,3
proudjunsu,1150,7498,False,1370,🥺,2025-12-31 06:13:38+00:00,3,6
bangsusan,911,1422,False,1073,"2018년 평창동계올림픽 성화봉송주자
써코니팀에버런3기
Marathon
10km 44:43:88(2018섬진강꽃길마라톤)
20km 1:39:48(2019동아마라톤)
Half 01:47:57(2018기장바다마라톤)
Full 03:56:43(2018춘천마라톤)
946819",2025-12-30 09:53:18+00:00,5,7
cheri.u22,538,922,False,17,"💌 DM / cheriu22@gmail.com
🤍 겨울 쿨톤 | 수부지 | 민감성
🤍 뷰티와 라이프 그 사이 어딘가 ⋆₊ ﾟ ☽ * ⋆ ₊",2025-11-30 13:44:45+00:00,5,37
lee.hyunsil,897,157,False,95,🍒현실이 얼굴그램🍒,2025-12-18 11:15:40+00:00,5,19
alphagirl282,2318,7487,False,3842,,2025-06-29 01:57:19+00:00,0,192
americano_indian,411,1093,False,394,,2025-12-25 12:26:55+00:00,5,12
minvelyss,2098,7426,False,2593,"︎ Yang.YOMI 
           양  요  미 건강해사랑해언제나❤︎
 >> Maltese 14살입니다 (25년기준)
          나이는, 중요하지 않다멍!
 >>   ♂️
#양요미엄마가관리하는계정
#로봇이아님
#미성년자아님",2025-12-28 13:08:01+00:00,5,9
ahn_sung_hyun91,212,819,False,1619,"23년 8월 달리기 시작, 10km 58:06, Half 2:23:19 / 트레일런 11km 2:06:54, 14.5km 3:02:11 #10km #하프 #러닝 #달리기 #런린이 #트린이 #삼척런 #서울런 #러닝스타그램 #기부런 #마라톤 #슬로우조깅",2026-01-05 04:43:33+00:00,5,1
isu_photo,424,467,False,826,"#일상#취미#기록
#등산#러닝#사진
오늘도 즐거운생활
📸📸📸📸📸📸",2026-01-04 12:59:49+00:00,5,2
roun2ee,3003,3001,False,996,"ෆ⃛ 𝖠𝖼𝖼𝗈𝗎𝗇𝗍 𝗋𝗎𝗇 𝖻𝗒 𝗆𝗈𝗆 
ෆ⃛ 𝟤𝟦.𝟢𝟤.𝟢𝟨. 𝟫:𝟢𝟥ᴘᴍ
ෆ⃛ 🦔도치쀼 @m2njee_ @wonj2n_ 
ෆ⃛ 𝘊𝘰𝘯𝘵𝘢𝘤𝘵 𝘥𝘮",2026-01-06 07:29:36+00:00,4,0
niemand0621,75,2539,False,9,,2025-12-08 07:43:27+00:00,5,29
qwoow1_,855,2851,False,19,평범한 직장인,2025-12-09 14:51:23+00:00,2,28
beakjungyoul,1910,1455,False,1322,"아들♡ & 딸♡ 쌍둥이 아빠
2023년 옥스팜트레일워커100K,Seoul100K
2024년 Transjeju by UTMB 100K
🏃‍♀️하프 : 01:36:16 (2023 서울마라톤(동마))
🏃‍♀️풀 : 03:24:49 (2022.11.06 JTBC 마라톤)",2026-01-05 21:17:59+00:00,2,1
katarinao0,214,361,False,8,김석현,2026-01-03 15:22:02+00:00,1,3
qazy_o_o,1535,5624,False,174,"-여름뮤트 21호 
-광고/협찬 문의는 DM,이메일
- 옷,화장품 사랑하는 다블리
#코덕 #맞팔 #제품리뷰 #화장품 #패션 #화장품리뷰#옷 #솔직리뷰 #뷰티 #광고문의환영 #스킨케어  #skincare #makeupreview 🌸",2026-01-04 13:32:38+00:00,3,2
starry_night3081,783,1647,False,211,,2025-12-01 05:11:22+00:00,2,36
ssujeong_ee,293,338,False,101,,2025-12-22 13:09:27+00:00,5,15
sandai_drama,163,365,False,478,콜라블로거^지망생,2026-01-05 13:58:30+00:00,5,1
dangeun._.baby,418,550,False,20,"🍑말띠맘 단근이엄마🥰
      애개육아 🤰🏻
💍25.03.09
🐣26.03.01
#육아소통 #육아맞팔",2026-01-04 13:55:20+00:00,5,2
greeny_hj,1220,906,False,617,"daily | workout | outdoor
[When the moment becomes eternity.]",2025-12-31 23:58:01+00:00,3,6
yourim6350,386,3374,False,16,,2025-12-27 14:46:55+00:00,5,10
zzong_hyun,1784,967,False,381,"부산러너
👥 @hwarangdal / @gangrun_runcrew 
🔹BAC 100대명산 완등
🔹철인 킹코스 13:22 / 마라톤 풀코스 3:15
🔹3대종주 무박 완주
🔹자전거 국토종주 그랜드슬램",2025-12-22 11:28:32+00:00,2,15
ohhea_gold,1920,3583,False,296,,2021-04-19 09:17:04+00:00,0,1723
jejurunningman,2157,1870,False,1064,"부상없이 즐겁게!🤘 #부상조심
뛰는 맛이 있는 곳 #제주 ㅋ",2026-01-05 11:38:40+00:00,5,1
run.shoko,3221,4039,False,2149,"치앙마이 by UTMB 100마일 연대별3위!
울트라트레일러너이자 거제의딸
느리지만 질기게 오래 뜁니다",2026-01-01 15:43:05+00:00,3,5
bom.bom5,1074,778,False,318,"🏋🏾‍♂️Coach | PT Trainer🔥
ᴾᴵᶜᵀᵁᴿᴱ-ᵀᴿᴬᵛᴱᴸ-ᵂᴼᴿᴷᴼᵁᵀ🎈
.
.
🇭🇺🇸🇰🇦🇹🇨🇿🇵🇱🇻🇦🇮🇹🇨🇭🇩🇪🇳🇱🇧🇪🇱🇺🇫🇷🇬🇧🇨🇦🇺🇸🇲🇽🇷🇺🇱🇦🇰🇷🇯🇵🇹🇼🇻🇳🇰🇭🇹🇭🇸🇬🇳🇿🇦🇺🇵🇭",2026-01-05 14:48:44+00:00,2,1
choux.makeup,868,1386,False,23,"🩶ꜱᴇɴꜱᴏʀɪᴀʟ ꜱᴡᴀᴛᴄʜᴇꜱ 감도 높은 릴스전문 ꕤ ⸝⸝ ୨୧
💌협업문의: DM 또는 ᴄʜᴏᴜx.ᴍᴀᴋᴇᴜᴘ@ɢᴍᴀɪʟ.ᴄᴏᴍ 
♡ ෆ ʏᴏᴜᴛᴜʙᴇ ✦ #코덕맞팔",2026-01-06 09:02:14+00:00,5,0
dongwan_91,5311,3321,False,1164,"런린이🏃‍♂️육아 피드 👶 일상👀
김도아 2020.05.18 08:41 - 2.94kg 여아
김도운 2022.01.03 08:52 - 3.56kg 남아
김도유 2025.08.19 11:35 - 3.45kg 남아
⛺🇰🇷🇹🇭🇲🇾🇵🇭🇻🇳",2026-01-06 04:51:35+00:00,3,0
bhr12_16,97,1876,False,214,19호 웜톤❤️,2026-01-05 15:02:50+00:00,5,1
peachberry365,11,890,False,7,,2026-01-03 06:01:42+00:00,5,3
21.06.17.ing,1517,1521,False,115,"🤍21.06.17🤍
💍24.09.29💍
👼🏻기다리는중👼🏻
#신혼부부 #부부스타그램 #신혼일기 #일상",2025-12-31 12:46:06+00:00,5,6
ff_hong,454,723,False,107,"홍젤아담스
사진작가, PD, 마라토너, 수린이
달리기로 그리는 화가, 표카소
봉봉이의 남자
온가족이 달리는 홍스패밀리 리더
- 10K PB 00:48:30 / 하프 PB 01:47:00
- 2026년 2월22일 대구 풀 마라톤 완주 -
- 2026년 자유형 마스터 -",2026-01-04 11:13:31+00:00,5,2
runweight13,20,208,False,37,"잘하지는 못해도 꾸준히 열심히 하는걸 좋아합니다.
Full-4:11:37(JTBC마라톤)
half-1:53:06(서울어스마라톤)
10km-00:44:02(새해일출런)",,0,999
simpleda_,186,3625,False,27,,2026-01-01 07:44:51+00:00,3,5
_blissgo,767,7494,False,47,본연의 삶,2025-09-09 13:23:07+00:00,0,119
ato._.jo,1753,1514,False,82,"🎂2017.11.28|말썽쟁이 아토의 일상
🐶나는야 공주 조아토
#멍팔맞팔#멍스타그램#말티즈그램",2025-12-28 12:27:26+00:00,4,9
janght86,5,127,False,23,,2026-01-01 12:35:49+00:00,5,5
super_sooooo,752,1793,False,456,"중등체육_교사_PE_Teacher🌟
육아🧸 / 캠핑⛺️ / 풋살⚽️ / 러닝🏃‍♂️‍➡️ / 피클볼🏏 / 여행✈️ &
행복🥰",2026-01-01 13:41:36+00:00,5,5
se_jin_p,1349,969,False,5980,"💛네가족 이야기💛
🙋🏻‍♂️🙋🏻‍♀️동갑내기부부
👧🏻중1민또👦🏻초4뚜환",2025-12-15 00:22:59+00:00,2,23
young0850,245,3823,False,149,작은손톱속 큰행복♡,2026-01-06 04:07:48+00:00,5,0
leune_arm_strong,235,231,False,395,"쇠질⛓️ 마라톤🏃🏼트레일 러닝🏃🏼
운동일지🗓️
팔로우팔이들은 사양🫵🏻
지인들 선팔시 맞팔",2026-01-05 13:08:11+00:00,5,1
yale__unni,2300,1782,False,485,"대구최초병원메디컬왁싱운영 원장
산부인과간호부장/상담실장10년
한국왁싱협회대구지회장
피부헤어네일자격증 간호증보유
현재는병원근무중",2026-01-01 07:22:35+00:00,4,5
__zzabu,897,3659,False,67,"믹스견 짜부
시츄 꾸꾸 행복한 우리집 ❣️",2025-12-28 05:49:51+00:00,4,9
ultrawomen78,256,1089,False,212,"#혀니의 일상 #리뷰 # 하루일과
부업 팔로우 안받아요!!!!😡😡",2025-02-09 12:29:12+00:00,0,331
morbid.eye,48,652,False,252,"독서인📚 식물집사🌿 캠핑장 NPC🏕 러너호소인🏃‍♀️
tea & coffee & alcohol 각종 식음료 애호가 🍵☕️🥃",2026-01-04 12:11:20+00:00,5,2
jk_minkyung,103,142,False,238,"Value creation 나의 가치를 창출하고
influencing 선한 영향력을 발휘하고픈
life shaping 삶을 변화시키고픈
직장인
러너
요가
등산
자기계발",2026-01-04 08:23:30+00:00,5,2
minny_3.23,67,302,False,74,"소박하게 덕질하며 스트레스 푸는 곳
키티,교동,우사하나 러버🩷",,0,999
ji.ltt,622,7188,False,127,"튼튼이아빠💪 
이쁜아내와 함께❤️",2025-11-17 13:17:59+00:00,1,50
ha_ppy_0908,1092,994,False,162,유행하는거 다 먹어볼끄야,2025-12-31 11:57:17+00:00,5,6
coflvkdl,721,5218,False,235,"😍까칠한중3과갱년기남편과의동거😍
먹는거 좋아하며 열정적으로 살고싶은
40대워킹맘~쏘율마미은정입니다",2025-10-13 13:29:07+00:00,1,85
kimjunyp,730,839,False,12,,2025-11-10 14:27:13+00:00,2,57
k_gitae49,289,356,False,298,"러닝,트레일러닝,맨몽운동을 좋아합니다.
볼링,당구도 콜~ㅎ^^
2021년1월 달리기 시작!",2026-01-06 05:29:54+00:00,5,0
deok.workout,363,525,False,38,"몸이 재산이다
그래서 혹사 시켜야 한다🏊‍♂️🧘🏻‍♂️🏃🏾🚴🏽
 @d.e.ok",2026-01-05 08:43:37+00:00,5,1
jin_jongtae_kim,1190,1902,False,1048,"Run with the HEART
Run with my lovely PARANG & HONG
Running picnic with daddy & son..  PARANG&HONG
I've been🇰🇷🇭🇲🇬🇸🇯🇵🇰🇭🇵🇭🇻🇳🇺🇸🇲🇨🇨🇳🇭🇰🇸🇬🇲🇾🇩🇪",2026-01-01 13:54:56+00:00,3,5
oslo.wj,1011,893,False,149,2022.2.27 6살 파양 고양이 오슬로를 만나다  ♂️,2025-12-19 22:00:34+00:00,3,18
skinkuin,882,963,False,23,"ღBeing Myself
ღBeauty & Healthy Life",2026-01-02 05:57:09+00:00,2,4
jaeguk_k,2851,3415,False,591,"🥾•블랙야크 100대명산 완등
🇰🇷•국립공원 스탬프투어 완등
🗺•12대종주도전(4/12)",2026-01-04 13:29:25+00:00,2,2
igaz_ay,443,527,False,10,건정,2025-05-10 15:31:43+00:00,0,241
heoseonmi9232,319,1593,False,135,"카페,맛집,여행, 일상 기록✍️",2025-12-03 03:28:42+00:00,5,34
kihwan.kim0505,5119,5205,False,591,"Run  happy~~~ 🏃🏃🏻‍♂️🏃🏃🏻‍♂️
옥타미녹스  명예인플루언스",2026-01-04 13:12:11+00:00,5,2
takochips1136,1306,2649,False,2158,#타코칩스 #부산타코야끼 #명장동타코야끼,2026-01-04 08:20:56+00:00,5,2
yangseonung,47,1578,False,1,,2025-12-06 13:35:43+00:00,1,31
seyoung843,2,47,False,2,,2023-04-05 10:12:52+00:00,0,1007
j2._.yyye,1582,2209,False,22,,2026-01-03 02:27:30+00:00,1,3
cdol7734,431,4334,False,97,"@lgtwinsbaseballclub ❣️
@hm_denden17 💙",,0,999
19.11.130,2028,5929,False,39,,2025-12-24 22:39:37+00:00,5,13
limssun,221,6121,False,3,,2024-12-20 05:16:35+00:00,0,382
kor_7791,58,2573,False,58,🖐️,2025-12-21 06:25:34+00:00,5,16
fishing.you,93,561,False,44,여수낚시Girl 애옹,2025-10-07 11:45:01+00:00,0,91
_sheep.run,944,791,False,19,"런린이🏃🏻(2025.07.~)
10km 🏃🏻: 00:48:05 (새해 일출런 -  2026.01.01) 
HALF 🏃🏻: 01:55:45 (시즌마감 씨사이드 - 2025.12.13)
FULL 🏃🏻:",2026-01-04 13:54:24+00:00,5,2
hasiri1818,60,2914,False,35,시리의 이것저것 일상,2025-07-30 07:44:47+00:00,0,160
nowfit_hyo,645,1857,False,738,"모든 운동인들 화이팅👊
주말에는 휴식
데일리비건 할인코드 링크⬇️⬇️",2026-01-04 23:35:21+00:00,5,2
seonmogo,1142,7498,False,2917,,2026-01-05 12:05:52+00:00,5,1
myname_hailey_,560,3982,False,125,,2025-04-07 02:26:16+00:00,0,274
0min.aftertaste,2106,110,False,7,"핫짱 🔥
커플 데이트 큐레이션
[맛집 · 핫플 · 여행 · 팝업]
📍서울·수도권
💌 체험단 / 협업 DM",2026-01-04 13:30:06+00:00,5,2
aim2ya,1517,305,False,3877,"2 B A BETTER WOMAN FROM MYSELF🇰🇷
요즘은 러닝에 빠진 런초보",2026-01-01 07:32:40+00:00,5,5
make_delight_,613,742,False,29,"❝ 색과 결, 그리고 여운까지 디자인합니다. ❞
•메이크업 자격증 &업스타일 자격증
•무대,특수 분장 자격증
✨광고 협찬 문의는 DM✨
@go.silver.bean",,0,999
superwithcub,149,206,False,63,super happy life with cub,2025-12-08 07:50:11+00:00,5,29
aqsg1212,198,2701,False,155,,2025-12-30 07:33:12+00:00,5,7
calmf_official,1739,2,False,302,"유익한 라이프 뷰티
-
👇🏻 지금 바로 구매하기",2025-12-31 04:39:14+00:00,5,6
ysy_811112,39,4729,False,181,,2026-01-04 14:42:21+00:00,1,2
do.dream_,1022,624,False,2321,"ㅤㅤㅤㅤㅤㅤㅤㅤㅤㅤㅤㅤㅤㅤㅤㅤㅤㅤㅤㅤㅤㅤㅤㅤㅤㅤㅤㅤㅤㅤ
매일 읽고, 달리고
매일 출근한다. 
아이들은 매일 조금씩 자란다
ㅤㅤㅤ
그렇게 매일을 쓰다-
ㅤㅤㅤ 
“처음과 같이, 이제와 항상, 영원히 ✞ “",2026-01-06 09:02:23+00:00,4,0
hello_my_youth_,957,1910,False,39,"🎀 21호 수부지 여쿨라 🎀 #빵리뷰 #코덕맞팔 #코덕계
브랜드 협업•협찬 문의 🫶🏻 ➡️ DM or E-mail 💌
🌸 라라룸 5기 🌸",2026-01-03 15:43:53+00:00,5,3
hiru0105,1377,5898,False,517,럽센트 스크럽워시 플라워마켓 화이트 튤립향 구매하러 가기👇,2026-01-06 05:16:51+00:00,4,0
hou_ioi01,141,2621,False,29,"#01
#일상기록
#맞팔은디엠주세요",2025-12-13 06:48:48+00:00,1,24
dayxrun,1145,1116,False,64,"꾸준히, 끝까지, 즐겁게!🏃‍♀️
 
🐣러닝 시작(‘25.6.21)
🏅10km PB: 54:47(‘25.11.23)
🩵고양하프마라톤 하프(‘26.3.8 예정)",2026-01-04 09:23:33+00:00,5,2
ks01112,1193,147,False,421,신혼먹방일기🐷,2025-12-06 09:22:31+00:00,5,31
king._.seo,553,884,False,142,"- 힙한 음악과 함께하는 러닝 로그 🎶🏃🏻‍♂️📝
-  리뷰, 협찬, 광고, 촬영 Contact DM 📩
- ROTC 61th🪖(해병대 학군 68th⚓️)
- 러닝, 여행, 파티, 행사, 공연, 콘서트, 영화
- 미친텐션, 뜨거운 열정의 도파민 킹🔥🤩",2026-01-05 13:23:34+00:00,5,1
suj__1n,265,597,False,12,༚✧˳⁺⁎,2025-09-08 11:27:18+00:00,0,120
m0001_di,153,1643,False,37,,2025-12-24 02:39:53+00:00,4,13
ekf74,787,6546,False,964,"정별꼬리 2011년 10월 16일~
정팔팔 2018년 3월 15일 ~
울냥이들과 오래 건강하게 살기♡♡",2025-09-27 10:22:07+00:00,0,101
tjtjvhvh,8,850,False,0,,,0,999
yjbk09,319,72,False,57,"현이랑 놀러 다닌 일상 기록
+햄돌이+금이",2025-12-30 13:27:13+00:00,5,7
hyejin27_0,485,6425,False,270,"#일상로그
#꿈꾸는 RN의 일상🎁
미래의 투자중 으뜸은 운동🏃‍♀️
#잘먹고잘살자❤️",2026-01-03 11:19:10+00:00,5,3
runtaesik,1506,1645,False,129,"🏃‍♂️ Running since 25. 3. 04 ~ ing 
자주 달리는 남자 💪 
가끔 요리하는 남자 🍲 
그냥 딸바보 ❤️",2026-01-05 12:29:49+00:00,4,1
love82lv,463,3698,False,167,골프 반려동물  애완견 어항 물고기 구피 수초,2025-12-31 03:59:37+00:00,2,6
k_up_all,1403,1170,False,693,"🤍함께 소통하며 운동해요🤍
런데이 닉네임 = 촙오러너 / 친추환영
러닝, 마라톤, 헬스, 등산, 프리다이빙
🏅25년 대구마라톤 full /4:35:21
#런데이 #MARATHONER #AIDA2 #FREEDIVING",2026-01-02 14:47:55+00:00,3,4
droing909,1969,997,False,108,"도전하는 직장인 러너
2026 OSAKA마라톤[Full]참가
2026 서울동아마라톤[Full]참가
2026 Chicago마라톤[Full]참가",2026-01-04 04:21:33+00:00,4,2
majaegyeong8,395,2481,False,1095,"- 인생은 아름다워😘
- 짬뽕LOVER 🍜
- 맛따라 길따라 🏃
- 먹는것이 남는것 🤤
- 데이트맛집 도장깨기👍
- 행복하자😀",2026-01-02 15:25:29+00:00,4,4
giveyou_moon,2455,1853,False,139,"🇰🇷 🇭🇰 🇨🇦 🇺🇸 🇨🇭 🇮🇳 🇲🇾 🇹🇭 🇻🇳 🇹🇼 🇸🇦 🇦🇪
#러너 #블로거 #donor 10k 47:23
영동고등학교 총동문회/영진회/건설인모임 총무
@yrc_runcrew @beer_sadang",2026-01-04 05:29:04+00:00,5,2
onyoung95,377,303,False,46,,2025-12-17 00:18:44+00:00,2,21
ddanghans,589,587,False,42,@team.kilometer,2025-12-19 08:32:13+00:00,2,18
miventnote,1081,2232,False,53,"일상 속 경험을 적은 작은 기록들(mi + note)
*선팔해주시면 맞팔가요:)
*연락은 모두 DM으로 받아요!",2026-01-06 06:25:30+00:00,5,0
hhh_rrrim,142,783,False,416,Account run by mom,2025-12-06 11:28:41+00:00,1,31
kdsallin,634,2210,False,136,,2025-12-25 05:29:47+00:00,5,12
1800__g,789,6148,False,311,"🇰🇷 ᴋᴏʀᴇᴀɴ
👩🏻‍❤️‍👨🏻 ᴍɪᴊɪɴ’s ʜᴜsʙᴀɴᴅ
🧑🏻‍🍼 ᴡᴏᴏʜʏᴜɴɢ’s ғᴀᴛʜᴇʀ
⚓️ ʀ.ᴏ.ᴋ ɴᴀᴠʏ
👨🏻‍💻 ᴍᴀsᴛᴇʀ ᴏғ sᴛᴀᴛɪsᴛɪᴄs",2026-01-01 09:28:50+00:00,5,5
___harang,1222,671,False,1029,"👦🏻ᴴᴬᴿᴬᴺᴳ ᴰᴵᴬᴿᵞ
ᴬᶜᶜᴼᵁᴺᵀ ᴿᵁᴺ ᴮᵞ ᴹᴼᴹ",2026-01-04 05:07:50+00:00,5,2
owlti_25,10,162,False,79,"🍌Beauty Creator @owlti_25
🍌Import & Export (Trade)",2026-01-04 08:26:41+00:00,5,2
bitter_sw2t__,309,2229,False,888,쥬해미의 Daily👑,2025-12-31 08:11:56+00:00,2,6
o.ya.climb,354,1035,False,16,네이버블로그 :,2026-01-06 09:34:36+00:00,5,0
vatory1222,901,6152,False,1434,행복한 우리가족♡,2026-01-06 02:01:47+00:00,2,1
bokgorae,212,578,False,184,"#복고래 
일상/취미/운동/반려생활",2025-11-18 14:53:32+00:00,5,49
han_jjeong,1617,1485,False,158,"2025.5.26. 러닝 시작🔥
10km 52:18 (2025.11.16. MBN 마라톤)
하프 내년 도전💪
애둘맘👦🏻👶🏻 런린이 라이프💛",2026-01-05 09:03:32+00:00,5,1
o_2_e_2,411,335,False,78,"ﾟ˚.🐰ྀི ˚˖  ໋♪⋆. ๋࣭ ࣪ ˖
@dain.zip_",2025-12-27 16:22:23+00:00,3,10
only_u282,601,1892,False,1407,"2️⃣5️⃣년 목표✌️
💸부자되기
📖 말씀&기도🙏
📚독서하기
👙건강한 다이어트하기
📅다요트 21년7월5일부터~ing
🍱다이어트식단챙기기
👫남매둥이맘
🐈고양이집사
👩‍🏫얼집선생님",2026-01-05 14:00:33+00:00,5,1
soccer_0704,375,418,False,334,,2026-01-06 09:21:06+00:00,5,0
east_ark,95,2790,False,40,,2026-01-04 09:30:33+00:00,5,2
junho122021,1773,2126,False,688,"운동인증용.
초보러너/트레일런/등산/여행/음식
22년5k 21:35(비공식)
23년(경주벚꽃) 10k 48:33
24년(밀양) 하프     1:38:46
25년(대구)풀코스   3:51:28
풀코스330도전하기🤗✌️",2026-01-01 00:56:31+00:00,5,6
rainbow.rose.1004,179,3490,False,46,,2025-12-14 06:54:24+00:00,5,23
sh.ane5651,275,100,False,2231,,2026-01-05 22:24:19+00:00,5,1
sister_tone,1185,1382,False,25,"코덕 자매의 놀이터🩵🩷
뷰티&리빙&식품등,, 올리고싶은거 다 올려요,,
🤍 릴스피드분리✨
#겨울쿨톤 #17호 #수부지 #복합성 
문의 DM☘️😙🤍 #코덕맞팔",2026-01-05 11:32:03+00:00,5,1
